id,img
1,https://m.media-amazon.com/images/M/MV5BYzkxZjg2NDQtMGVjMy00NWZkLTk0ZDEtZWE3NDYwYjAyMTg1XkEyXkFqcGc@._V1_SX300.jpg
2,https://m.media-amazon.com/images/M/MV5BN2NhMDk2MmEtZDQzOC00MmY5LThhYzAtMDdjZGFjOGZjMjdjXkEyXkFqcGc@._V1_SX300.jpg
3,https://m.media-amazon.com/images/M/MV5BMzhiOTQ0NDItOTg0Zi00OGVmLWE0OGEtMTI4NDM0NWMxZWU4XkEyXkFqcGc@._V1_SX300.jpg
4,https://m.media-amazon.com/images/M/MV5BN2M5YjUyOTktNTQxNC00MzQ2LTk2NDAtMTFkMjBlODlhOGRlXkEyXkFqcGc@._V1_SX300.jpg
5,https://m.media-amazon.com/images/M/MV5BMjZiYTNkNjUtNzI3MC00YWJmLTljM2QtNTI3MTU3ODYzNWFjXkEyXkFqcGc@._V1_SX300.jpg
6,https://m.media-amazon.com/images/M/MV5BMTc5MDE2ODcwNV5BMl5BanBnXkFtZTgwMzI2NzQ2NzM@._V1_SX300.jpg
7,https://m.media-amazon.com/images/M/MV5BMjMxNjY2MDU1OV5BMl5BanBnXkFtZTgwNzY1MTUwNTM@._V1_SX300.jpg
8,https://m.media-amazon.com/images/M/MV5BNDJiYjhjOTQtNGNjYS00MWUyLThiMTUtMDE5ZjkwOWZkMGUyXkEyXkFqcGc@._V1_SX300.jpg
9,
10,https://m.media-amazon.com/images/M/MV5BNWEzN2U1YTYtYTQyMS00NTVkLWE2NGQtZWFlMmM0MDNjMmRiXkEyXkFqcGc@._V1_SX300.jpg
11,https://m.media-amazon.com/images/M/MV5BM2U4NjgzODUtODkyOC00YTE2LTlhNTItYzFlYmM1NTEzZDA2XkEyXkFqcGc@._V1_SX300.jpg
12,https://m.media-amazon.com/images/M/MV5BMDIyM2E2NTAtMzlhNy00ZGUxLWI1NjgtZDY5MzhiMDc5NGU3XkEyXkFqcGc@._V1_SX300.jpg
13,https://m.media-amazon.com/images/M/MV5BMjIyNTQ5NjQ1OV5BMl5BanBnXkFtZTcwODg1MDU4OA@@._V1_SX300.jpg
14,https://m.media-amazon.com/images/M/MV5BMjFjYzBlOTktMTI2OS00ZWVhLTgxMDUtNzAwODY2NmI3YTAzXkEyXkFqcGc@._V1_SX300.jpg
15,https://m.media-amazon.com/images/M/MV5BMTY4NzcwODg3Nl5BMl5BanBnXkFtZTcwNTEwOTMyMw@@._V1_SX300.jpg
16,https://m.media-amazon.com/images/M/MV5BOTgyOGQ1NDItNGU3Ny00MjU3LTg2YWEtNmEyYjBiMjI1Y2M5XkEyXkFqcGc@._V1_SX300.jpg
17,https://m.media-amazon.com/images/M/MV5BMDEzMmQwZjctZWU2My00MWNlLWE0NjItMDJlYTRlNGJiZjcyXkEyXkFqcGc@._V1_SX300.jpg
18,https://m.media-amazon.com/images/M/MV5BYWQ4YmNjYjEtOWE1Zi00Y2U4LWI4NTAtMTU0MjkxNWQ1ZmJiXkEyXkFqcGc@._V1_SX300.jpg
19,https://m.media-amazon.com/images/M/MV5BNDdjZGQ5YzEtNTc2My00Mjc0LWFlMTctYzkwMzZlNzdiZWYzXkEyXkFqcGc@._V1_SX300.jpg
20,https://m.media-amazon.com/images/M/MV5BN2E5NzI2ZGMtY2VjNi00YTRjLWI1MDUtZGY5OWU1MWJjZjRjXkEyXkFqcGc@._V1_SX300.jpg
21,
22,
23,https://m.media-amazon.com/images/M/MV5BODZhMWJlNjYtNDExNC00MTIzLTllM2ItOGQ2NGVjNDQ3MzkzXkEyXkFqcGc@._V1_SX300.jpg
24,https://m.media-amazon.com/images/M/MV5BMDM4OWFhYjEtNTE5Yy00NjcyLTg5N2UtZDQwNDZlYjlmNDU5XkEyXkFqcGc@._V1_SX300.jpg
25,
26,
27,https://m.media-amazon.com/images/M/MV5BMzZmMWUxZGMtOTg3MS00OTA4LTg5NzktZGY4NjgyMzExYTZhXkEyXkFqcGc@._V1_SX300.jpg
28,https://m.media-amazon.com/images/M/MV5BODVkZGFhNGQtYjdiYi00Njc4LWFmYTItNTlmNzJjMTg1ZDc5XkEyXkFqcGc@._V1_SX300.jpg
29,
30,
31,https://m.media-amazon.com/images/M/MV5BMDQ0ZTg2OGUtZjMyOC00M2M5LThkMmItZmM2MmUzMmIxMWJhXkEyXkFqcGc@._V1_SX300.jpg
32,https://m.media-amazon.com/images/M/MV5BZjYyNGY1MDEtN2I1MC00MGVhLTljZTYtODQ1NzQ0ODc2NzZlXkEyXkFqcGc@._V1_SX300.jpg
33,https://m.media-amazon.com/images/M/MV5BNmQ2NmI2ODYtMDQzNS00NzQyLTkzZjgtZmZlYTQ5MTc1OWU3XkEyXkFqcGc@._V1_SX300.jpg
34,https://m.media-amazon.com/images/M/MV5BOGNhMjg2ZjgtYzk4Ni00MTViLTg1MmUtYzM2MDZiYjZlMmU3XkEyXkFqcGc@._V1_SX300.jpg
35,https://m.media-amazon.com/images/M/MV5BN2ZlMjIzZjctYzA2My00ZWYyLWI4ZjctMGI2NWYyNzFiZjAwXkEyXkFqcGc@._V1_SX300.jpg
36,https://m.media-amazon.com/images/M/MV5BZGZhZGQ1ZWUtZTZjYS00MDJhLWFkYjctN2ZlYjE5NWYwZDM2XkEyXkFqcGc@._V1_SX300.jpg
37,https://m.media-amazon.com/images/M/MV5BNTEyNmEwOWUtYzkyOC00ZTQ4LTllZmUtMjk0Y2YwOGUzYjRiXkEyXkFqcGc@._V1_SX300.jpg
38,
39,https://m.media-amazon.com/images/M/MV5BYzk5NjJkMTQtN2IyNC00YWM5LTlhZmMtNGI3MWNhMTU1YTc4XkEyXkFqcGc@._V1_SX300.jpg
40,https://m.media-amazon.com/images/M/MV5BZTU5NTNmMjAtODM0Mi00YzU5LTk1OWQtZWU1NzZhMzBjYjY1XkEyXkFqcGc@._V1_SX300.jpg
41,https://m.media-amazon.com/images/M/MV5BMjMwNDkxMTgzOF5BMl5BanBnXkFtZTgwNTkwNTQ3NjM@._V1_SX300.jpg
42,https://m.media-amazon.com/images/M/MV5BOGUwMDk0Y2MtNjBlNi00NmRiLTk2MWYtMGMyMDlhYmI4ZDBjXkEyXkFqcGc@._V1_SX300.jpg
43,https://m.media-amazon.com/images/M/MV5BMTkxNGFlNDktZmJkNC00MDdhLTg0MTEtZjZiYWI3MGE5NWIwXkEyXkFqcGc@._V1_SX300.jpg
44,https://m.media-amazon.com/images/M/MV5BMTMxNTMwODM0NF5BMl5BanBnXkFtZTcwODAyMTk2Mw@@._V1_SX300.jpg
45,https://m.media-amazon.com/images/M/MV5BMTk4ODQzNDY3Ml5BMl5BanBnXkFtZTcwODA0NTM4Nw@@._V1_SX300.jpg
46,https://m.media-amazon.com/images/M/MV5BMTI1MTY2OTIxNV5BMl5BanBnXkFtZTYwNjQ4NjY3._V1_SX300.jpg
47,https://m.media-amazon.com/images/M/MV5BNzc1OWY5MjktZDllMi00ZDEzLWEwMGItYjk1YmRhYjBjNTVlXkEyXkFqcGc@._V1_SX300.jpg
48,https://m.media-amazon.com/images/M/MV5BMjc4ZjEwNDUtMjlmZS00NzQ4LTg2N2MtMGI3ZjMyMmM3ZDM2XkEyXkFqcGc@._V1_SX300.jpg
49,https://m.media-amazon.com/images/M/MV5BMTUxMzQyNjA5MF5BMl5BanBnXkFtZTYwOTU2NTY3._V1_SX300.jpg
50,https://m.media-amazon.com/images/M/MV5BMTYxNDA3MDQwNl5BMl5BanBnXkFtZTcwNTU4Mzc1Nw@@._V1_SX300.jpg
51,https://m.media-amazon.com/images/M/MV5BZGRiZDZhZjItM2M3ZC00Y2IyLTk3Y2MtMWY5YjliNDFkZTJlXkEyXkFqcGc@._V1_SX300.jpg
52,https://m.media-amazon.com/images/M/MV5BYjM1N2Q0YWEtN2E5MC00NDM3LTk2NTEtMTc1NTk5OTA5ZGIzXkEyXkFqcGc@._V1_SX300.jpg
53,https://m.media-amazon.com/images/M/MV5BNzIxMDQ2YTctNDY4MC00ZTRhLTk4ODQtMTVlOWY4NTdiYmMwXkEyXkFqcGc@._V1_SX300.jpg
54,https://m.media-amazon.com/images/M/MV5BMTZkMjBjNWMtZGI5OC00MGU0LTk4ZTItODg2NWM3NTVmNWQ4XkEyXkFqcGc@._V1_SX300.jpg
55,https://m.media-amazon.com/images/M/MV5BN2NmN2VhMTQtMDNiOS00NDlhLTliMjgtODE2ZTY0ODQyNDRhXkEyXkFqcGc@._V1_SX300.jpg
56,https://m.media-amazon.com/images/M/MV5BNmM5ZThhY2ItOGRjOS00NzZiLWEwYTItNDgyMjFkOTgxMmRiXkEyXkFqcGc@._V1_SX300.jpg
57,https://m.media-amazon.com/images/M/MV5BOTE5MDUxZDUtZWZmZC00NDVmLWFhOGQtNWI2YTc4NzY3MGQ0XkEyXkFqcGc@._V1_SX300.jpg
58,https://m.media-amazon.com/images/M/MV5BOTY0YzY3MTMtOWQ5Yi00ODY2LThhOGMtMzFlMjhlODcxOGU1XkEyXkFqcGc@._V1_SX300.jpg
59,https://m.media-amazon.com/images/M/MV5BOTI0ODVlYjYtYTQ5Yi00OTlmLWI5NjEtYjM5ZWEyMDQ5ZjA5XkEyXkFqcGc@._V1_SX300.jpg
60,https://m.media-amazon.com/images/M/MV5BMjExMTg5OTU0NF5BMl5BanBnXkFtZTcwMjMxMzMzMw@@._V1_SX300.jpg
61,https://m.media-amazon.com/images/M/MV5BNjRhNTQzMzQtMWViMi00ODQ1LTg0MTEtYWE4ZWZlYjM4YjJhXkEyXkFqcGc@._V1_SX300.jpg
62,https://m.media-amazon.com/images/M/MV5BMTQzMTg0NDA1M15BMl5BanBnXkFtZTgwODUzMTE0MjE@._V1_SX300.jpg
63,https://m.media-amazon.com/images/M/MV5BMTQ3NzA1MTY3MV5BMl5BanBnXkFtZTgwNzE2Mzg5MTE@._V1_SX300.jpg
64,https://m.media-amazon.com/images/M/MV5BMTQwOTg2MjU0OV5BMl5BanBnXkFtZTcwMzIzNTQzMQ@@._V1_SX300.jpg
65,https://m.media-amazon.com/images/M/MV5BYTY3NDg2YzktYWFjZC00MTExLTlmZDctMGY3MWYzZTlkYTNiXkEyXkFqcGc@._V1_SX300.jpg
66,https://m.media-amazon.com/images/M/MV5BMjMyYjMyMzktMjlhZC00ZTZkLTkzMWQtZmEwMjdjNzJkM2RlXkEyXkFqcGc@._V1_SX300.jpg
67,https://m.media-amazon.com/images/M/MV5BMTI0MzI0NDI4Ml5BMl5BanBnXkFtZTcwOTk4ODk3MQ@@._V1_SX300.jpg
68,https://m.media-amazon.com/images/M/MV5BYjEzNzA5NTUtMzQ5NC00MTgzLWFiODgtNDNlYmY3OTJkMTg5XkEyXkFqcGc@._V1_SX300.jpg
69,https://m.media-amazon.com/images/M/MV5BNTUzZDhiYzctMGFiMS00OWM0LWIzNDItZGMyMWM1OWIxZDM4XkEyXkFqcGc@._V1_SX300.jpg
70,
71,https://m.media-amazon.com/images/M/MV5BMTM4MDgxNjU4Nl5BMl5BanBnXkFtZTcwMzc2MTM2Nw@@._V1_SX300.jpg
72,https://m.media-amazon.com/images/M/MV5BOWRhN2Y4MWQtZDZjZC00MjYyLTliMTYtMjJhZjk1NTAwNDdiXkEyXkFqcGc@._V1_SX300.jpg
73,https://m.media-amazon.com/images/M/MV5BMTgxOTY4Mjc0MF5BMl5BanBnXkFtZTcwNTA4MDQyMw@@._V1_SX300.jpg
74,https://m.media-amazon.com/images/M/MV5BMTg3NTcxNzY5NV5BMl5BanBnXkFtZTcwODk5NTQzMQ@@._V1_SX300.jpg
75,https://m.media-amazon.com/images/M/MV5BY2IzNzMxZjctZjUxZi00YzAxLTk3ZjMtODFjODdhMDU5NDM1XkEyXkFqcGc@._V1_SX300.jpg
76,https://m.media-amazon.com/images/M/MV5BOWVmZWYzMDEtN2NkMi00NWM4LThjYzYtNzBjNzIzN2FmM2NlXkEyXkFqcGc@._V1_SX300.jpg
77,https://m.media-amazon.com/images/M/MV5BYTMyMDZlYWQtZGNlMi00ZmI4LWJhMzMtYmRmYzU4MWVhYjQ4XkEyXkFqcGc@._V1_SX300.jpg
78,https://m.media-amazon.com/images/M/MV5BMDU4ZjNmMjEtMjcxYi00NDAxLWFlMjQtNWIyNjg5NWUzNTdjXkEyXkFqcGc@._V1_SX300.jpg
79,https://m.media-amazon.com/images/M/MV5BZDE3MTBkNmQtNGFjMC00YTcwLWExY2ItN2MyMGZkNWJlMmFmXkEyXkFqcGc@._V1_SX300.jpg
80,https://m.media-amazon.com/images/M/MV5BOTllZDI1OGItOGUxNS00OGZhLWIzMjAtYzllZTY1YTA0ZmYwXkEyXkFqcGc@._V1_SX300.jpg
81,https://m.media-amazon.com/images/M/MV5BNzY2NzI4OTE5MF5BMl5BanBnXkFtZTcwMjMyNDY4Mw@@._V1_SX300.jpg
82,https://m.media-amazon.com/images/M/MV5BMjEzMzA4NDE2OF5BMl5BanBnXkFtZTcwNTc5MDI2NQ@@._V1_SX300.jpg
83,https://m.media-amazon.com/images/M/MV5BMmY1M2M5ZmMtYzllZC00YzAxLTk4MjktZDJkNjA1MTUwMGQ4XkEyXkFqcGc@._V1_SX300.jpg
84,https://m.media-amazon.com/images/M/MV5BMGJlMjA3YzYtNWNhNC00YjQ5LTk2NmUtMWJiN2I1OTVmNWNkXkEyXkFqcGc@._V1_SX300.jpg
85,https://m.media-amazon.com/images/M/MV5BNjg0OTM5OTQyNV5BMl5BanBnXkFtZTgwNDg5NDQ0NTE@._V1_SX300.jpg
86,https://m.media-amazon.com/images/M/MV5BNzc5MjUyMWYtMDkyMi00YTc2LTg3ZDMtMjI3MmU3Nzg2YTExXkEyXkFqcGc@._V1_SX300.jpg
87,https://m.media-amazon.com/images/M/MV5BM2ZkMzg5ZmQtYzhjMy00ZGM0LWJkNTgtZDMwMzljZGMyZDc0XkEyXkFqcGc@._V1_SX300.jpg
88,https://m.media-amazon.com/images/M/MV5BZDhiMTljYjYtODc1Yy00MmEwLTg2OTYtYmE1YTRmNDE4MmEwXkEyXkFqcGc@._V1_SX300.jpg
89,https://m.media-amazon.com/images/M/MV5BYzkyMDkzZTctYjZlNi00NDg2LTk3ZGQtYTA3OWQwNDNiNzJlXkEyXkFqcGc@._V1_SX300.jpg
90,https://m.media-amazon.com/images/M/MV5BMTUyNzIxOTgzMV5BMl5BanBnXkFtZTgwNTk5NTIwNjE@._V1_SX300.jpg
91,https://m.media-amazon.com/images/M/MV5BMTMyMzc3OTkwMV5BMl5BanBnXkFtZTcwMjc0MTgwNA@@._V1_SX300.jpg
92,https://m.media-amazon.com/images/M/MV5BMTQyNzk2MjA2NF5BMl5BanBnXkFtZTgwMjEwNzk3MjE@._V1_SX300.jpg
93,https://m.media-amazon.com/images/M/MV5BMTg3Njc2ODEyN15BMl5BanBnXkFtZTcwNTAwMzc3NA@@._V1_SX300.jpg
94,https://m.media-amazon.com/images/M/MV5BMTU5Njc1NjkxMl5BMl5BanBnXkFtZTgwNTkzNTQwMDE@._V1_SX300.jpg
95,https://m.media-amazon.com/images/M/MV5BODk1MTYwNTAtYmI5Zi00OWYyLWE0MzQtOWE4NDIxZmU2MjMwXkEyXkFqcGc@._V1_SX300.jpg
96,https://m.media-amazon.com/images/M/MV5BMTc5NjExNTA5OV5BMl5BanBnXkFtZTYwMTQ0ODY2._V1_SX300.jpg
97,https://m.media-amazon.com/images/M/MV5BM2YwNjZlZDktNTlmNS00ODQwLWJmNmUtYmE1NTBhYjc1YTY5XkEyXkFqcGc@._V1_SX300.jpg
98,https://m.media-amazon.com/images/M/MV5BMDEzMmQwZjctZWU2My00MWNlLWE0NjItMDJlYTRlNGJiZjcyXkEyXkFqcGc@._V1_SX300.jpg
