id,name,age,user_id,is_admin,suspended,password
1,Admin,53,administrator,true,false,$2b$12$fQ2jxrJDMNPiNHoXI4qqFOgNw3xbXYCPCb4aT9pMPn3HZjGVbGV1G
2,Nichole,31,nichole2,false,false,$2b$12$EN7C/iXcrFQmGdkO9nvhIOxVkAlgoFQ7jq5eRQcwUJzN22F7FjKNq
3,Travis,21,travis3,false,false,$2b$12$lKN20oEdfW7sdEDOzvHTluJ4ncqxe5kfaI7o1ClFhB1uKnPjs3XfK
4,William,29,william4,false,false,$2b$12$15e1FT8.7PE5eSkntI7l9O.YoDDG8PJDpBzlW2AamB.IjuO4PaE2m
5,Lori,35,lori5,false,false,$2b$12$95vFlQUZA7M6JsAHF3/sIuk.d86yfdxFvprYtmje0KgDMv5kH40uq
6,Megan,41,megan6,false,false,$2b$12$6FA1vm67jEpnTMewCHnOTuDp3j0J64hl6iUZ5ZlwJVFAZSesoaxyu
7,Matthew,29,matthew7,false,false,$2b$12$SCT9J.7l.zfgkGrHVocmUuIiU6qwluJuVaT.5Sd5./JQwQxFT1kHq
8,James,33,james8,false,false,$2b$12$CkVZcuBMsHiXbyHBg.v11eMaGO8GrWbt5XFvpO74bOSmbLcqBtrjO
9,Christopher,55,christopher9,false,false,$2b$12$we2j8.xzpSBa5KRBbhvUJ.rhMxp.l8rpuUnA3gfqkjOLKKqexkbOi
10,Matthew,56,matthew10,false,false,$2b$12$DmolIoo6ArYIxkdX5sq2UOiyK.aSC5twafNwDQKZwFQ5VO7TTaZNO
11,Bryan,54,bryan11,false,false,$2b$12$3IILku9FMG2I6TR3cCBvMu3FaA7OGLOc3eSSvmzc2K1PGzpnmVRrS
12,Emma,26,emma12,false,false,$2b$12$sUxX1hmLbYD4/ejMew53g.zYzbw.4I20YTJvkptqD2mu92AgnKcEi
13,Jennifer,30,jennifer13,false,false,$2b$12$qrYpURolTWIaxrtbPkcQKuG/XC4.SfF.MxIpswj6sk4UNoFrbwoRy
14,Angela,58,angela14,false,false,$2b$12$AQ7tFrePWUPTkSqc9c8pOePxDifShsOEeprpH6LQos4l0gu1jQ1Iu
15,Amber,34,amber15,false,false,$2b$12$X4EfQ0YC.qXRW7xNePScaO2iX6OI8oRqFRUY2DQPp3JEIvlvx2uM.
16,Jessica,44,jessica16,false,false,$2b$12$qd..UB1qH3UCYIbnYvn2wOxVKn.m6GXzTe/3f1.CReZ30tmW6yHWO
17,Anna,38,anna17,false,false,$2b$12$sC3sj3KfbpKCvOBb/gZeL.Y2D8B6Pcfnu0E8XN47LJ90hrRWVGEDe
18,Daniel,53,daniel18,false,false,$2b$12$hbwnXom72xhSHF5VTYoXIuqqZuz1b4Se5hBEb7MKzmBU31MUUdjrC
19,Kristin,55,kristin19,false,false,$2b$12$W/MuczDGqF2Dx/k/3rGlLuxL6GW2UT/zswdpabHcZMEIxEg8GREj2
20,Kelly,33,kelly20,false,false,$2b$12$o9XH9NeR/BeFhLvCwZrREe38KRf9RZiHvOz2fDK3cScwb7j/9DslO
21,Megan,40,megan21,false,false,$2b$12$klbbpHByBDW2H./lYVNEG.908U0JqOPiUJWVYF49XId9JSBXKlXfy
22,Rachel,29,rachel22,false,false,$2b$12$NjG82O5VfPcpWecL9ryeLO5Hlrb2lvX21uZJZcoGHi9GEkeC2DLZ2
23,Jay,53,jay23,false,false,$2b$12$oq.r0PdbH.vsJAbRjrolresbxIG0WsWWuJjUl.yqKUhtOXvX.BbC.
24,Bradley,42,bradley24,false,false,$2b$12$XPjMifEqfBV0nwGJfNjLQuyFkbpJ8FjAOGhrS9/keHzatsF9Wrare
25,Zachary,26,zachary25,false,false,$2b$12$KFuFVjQAgQuaYqEUD5AnVu5Ct94ALPTKm.NkPvbIXLd3fZefr0xk6
26,Jennifer,37,jennifer26,false,false,$2b$12$WlTd5EGmrk7gHnB6slZ5EeSmk.Qb.2vM4Z68zH8ua87GiRrhbYwY.
27,Billy,27,billy27,false,false,$2b$12$tYzpsNuLCiu7L3gWynt.6eZuldI8c6.MB0Hd7/6dL0.qcVsZ1HCdG
28,Sarah,33,sarah28,false,false,$2b$12$l3M8sM1fykkdxZPynIhtZ.h8UmnQ/ze1BIVT09uIfDH7fMKCHsE/u
29,Angel,36,angel29,false,false,$2b$12$QYURrEjhsk9S1JJJ.eLedOsnAsWLzFC6U43y9qxYMFBIAyZ3FsxmK
30,Steven,42,steven30,false,true,$2b$12$YmwZVWkrnVzxJzYdffKehetx0rm0q1QJp/AA3R89ZPUQQ9lDwBQ7a
31,Michelle,47,michelle31,false,false,$2b$12$If9h/X7OMZBjMWe2vmWWseeLxHRSt0d8KEBg65.OAc040sxnOwbG2
32,John,54,john32,false,false,$2b$12$d/53mxS4t1VU6ry25WNK/ewSL7OUSfVNFsxOwzFH84hbyer4Sr5l2
33,Frank,36,frank33,false,false,$2b$12$uLrY.Ho7G0MtkAm6q/udBe.9TZMA2FjM4nejhGHjOJ5zAWYS.BqLW
34,Victoria,54,victoria34,false,false,$2b$12$S9JOg45QBV6O3ddBg8DN2OUryvBv5XITer.hGlTOqOVbmkRB/lgAK
35,John,26,john35,false,false,$2b$12$eDlVEQO3y1yW6hmWOBh33.DWgN2pAXr6t9q3t.v7nidbksY9bArq.
36,Christopher,22,christopher36,false,false,$2b$12$OoT1aHm4SdUZ7OW1M2z3ueaaavFV303QVLHtaLW/KcatgxI4DA2q.
37,Christine,58,christine37,false,false,$2b$12$PGH44o13Yj93e737jw/0kO3/t2D9AbY15tPsx3JAhYi7z5xhUpeWG
38,Barbara,47,barbara38,false,false,$2b$12$6fRt99kCtlZ10z5WDEvSF.CxP5L30ljoQX2l125ywMXaPCdYBEFti
39,Elizabeth,24,elizabeth39,false,false,$2b$12$TOjWiMDnsof4gKnd36z4ZuHyMRNQoEgWK47890x5HyjCyJbHkcWnq
40,Tyler,20,tyler40,false,false,$2b$12$xeaFSqkfv6dfX5LeB32ey.ai3Rrb8HkHTtHZJczKcnYGkFHpfQhsW
41,Michael,58,michael41,false,false,$2b$12$WOqwxHkg7/Ctvb07GnnLKe30.3aOcBCs9qrj.tVYNraR5Ottlmn2K
42,Gary,19,gary42,false,false,$2b$12$wLE96Q1wI1cZGYVfS7FnluTygiR7/eGL3uUkzV1PpRNC6cU90ZiiW
43,Richard,50,richard43,false,false,$2b$12$nMQk.Ix9eu.NEN2Bhi1lF.CBVJ9wvqkjiVr3AdvhgZNFimtzX7Fxu
44,Sherry,56,sherry44,false,false,$2b$12$LVEkUuLqohlfhqsXGRh71.DlK96RP8NyZVP48cwRmxKurkgr44Whe
45,Jeffrey,38,jeffrey45,false,false,$2b$12$9Xe2apXA4lsEfh/95x00geg..99XVQt.CxEgPeW6sioQ4waVGBpIy
46,Ashley,26,ashley46,false,false,$2b$12$ZP/fx/91gZz0NXFGgMkXTuqnLsUsz7Q0mrrxGW3sFc/Mwnfcm8YRy
47,Luis,32,luis47,false,false,$2b$12$ju9bSCUZIxkdGL7zZGB9EeZBFi.o1DIGkjCOQEPF3JVro2Zskxluu
48,Frank,43,frank48,false,false,$2b$12$dCSVYN07RcLYBvUETXsVnuL8GMtz2C4Q1IcSEkRvgmQLEIMjDYGy2
49,Tiffany,23,tiffany49,false,false,$2b$12$CHJgbCsbDQiK/ndP/OgRCu4aQCSjl7pZuC24C7bw9qyBCVkozBv02
50,Martin,28,martin50,false,false,$2b$12$zATO5/wupE6L5l8QYVoZxOHa1tD1.hKyNjPRH8jj/rZt1GXLKKxaK
